"filename", "language", "XMake", "JSON", "Lua", "Markdown", "C++", "YAML", "comment", "blank", "total"
"f:\Project\levilamina\26.10.x\CoralFans\.github\ISSUE_TEMPLATE\bug_report.yml", "YAML", 0, 0, 0, 0, 0, 47, 0, 9, 56
"f:\Project\levilamina\26.10.x\CoralFans\.github\ISSUE_TEMPLATE\feature_request.yml", "YAML", 0, 0, 0, 0, 0, 25, 0, 4, 29
"f:\Project\levilamina\26.10.x\CoralFans\.github\PULL_REQUEST_TEMPLATE.md", "Markdown", 0, 0, 0, 10, 0, 0, 0, 9, 19
"f:\Project\levilamina\26.10.x\CoralFans\.github\workflows\build.yml", "YAML", 0, 0, 0, 0, 0, 36, 12, 11, 59
"f:\Project\levilamina\26.10.x\CoralFans\.github\workflows\release.yml", "YAML", 0, 0, 0, 0, 0, 64, 0, 17, 81
"f:\Project\levilamina\26.10.x\CoralFans\CHANGELOG.md", "Markdown", 0, 0, 0, 141, 0, 0, 0, 92, 233
"f:\Project\levilamina\26.10.x\CoralFans\README.md", "Markdown", 0, 0, 0, 17, 0, 0, 0, 14, 31
"f:\Project\levilamina\26.10.x\CoralFans\manifest.json", "JSON", 0, 12, 0, 0, 0, 0, 0, 0, 12
"f:\Project\levilamina\26.10.x\CoralFans\scripts\after_build.lua", "Lua", 0, 0, 105, 0, 0, 0, 1, 19, 125
"f:\Project\levilamina\26.10.x\CoralFans\src\coral_fans\Config.h", "C++", 0, 0, 0, 0, 218, 0, 3, 23, 244
"f:\Project\levilamina\26.10.x\CoralFans\src\coral_fans\CoralFans.cpp", "C++", 0, 0, 0, 0, 86, 0, 5, 23, 114
"f:\Project\levilamina\26.10.x\CoralFans\src\coral_fans\CoralFans.h", "C++", 0, 0, 0, 0, 27, 0, 6, 19, 52
"f:\Project\levilamina\26.10.x\CoralFans\src\coral_fans\MemoryOperators.cpp", "C++", 0, 0, 0, 0, 2, 0, 2, 3, 7
"f:\Project\levilamina\26.10.x\CoralFans\src\coral_fans\base\Macros.h", "C++", 0, 0, 0, 0, 36, 0, 1, 4, 41
"f:\Project\levilamina\26.10.x\CoralFans\src\coral_fans\base\MySchedule.h", "C++", 0, 0, 0, 0, 81, 0, 0, 8, 89
"f:\Project\levilamina\26.10.x\CoralFans\src\coral_fans\base\Utils.cpp", "C++", 0, 0, 0, 0, 115, 0, 0, 13, 128
"f:\Project\levilamina\26.10.x\CoralFans\src\coral_fans\base\Utils.h", "C++", 0, 0, 0, 0, 14, 0, 0, 8, 22
"f:\Project\levilamina\26.10.x\CoralFans\src\coral_fans\commands\Calculate.cpp", "C++", 0, 0, 0, 0, 32, 0, 1, 5, 38
"f:\Project\levilamina\26.10.x\CoralFans\src\coral_fans\commands\Cfhud.cpp", "C++", 0, 0, 0, 0, 78, 0, 4, 8, 90
"f:\Project\levilamina\26.10.x\CoralFans\src\coral_fans\commands\Commands.cpp", "C++", 0, 0, 0, 0, 11, 0, 0, 1, 12
"f:\Project\levilamina\26.10.x\CoralFans\src\coral_fans\commands\Commands.h", "C++", 0, 0, 0, 0, 26, 0, 0, 4, 30
"f:\Project\levilamina\26.10.x\CoralFans\src\coral_fans\commands\Coralfans.cpp", "C++", 0, 0, 0, 0, 20, 0, 2, 4, 26
"f:\Project\levilamina\26.10.x\CoralFans\src\coral_fans\commands\Counter.cpp", "C++", 0, 0, 0, 0, 69, 0, 3, 9, 81
"f:\Project\levilamina\26.10.x\CoralFans\src\coral_fans\commands\Data.cpp", "C++", 0, 0, 0, 0, 206, 0, 12, 20, 238
"f:\Project\levilamina\26.10.x\CoralFans\src\coral_fans\commands\FreeCamera.cpp", "C++", 0, 0, 0, 0, 30, 0, 0, 7, 37
"f:\Project\levilamina\26.10.x\CoralFans\src\coral_fans\commands\Func.cpp", "C++", 0, 0, 0, 0, 188, 0, 25, 30, 243
"f:\Project\levilamina\26.10.x\CoralFans\src\coral_fans\commands\Hsa.cpp", "C++", 0, 0, 0, 0, 74, 0, 5, 9, 88
"f:\Project\levilamina\26.10.x\CoralFans\src\coral_fans\commands\Locate.cpp", "C++", 0, 0, 0, 0, 122, 0, 9, 9, 140
"f:\Project\levilamina\26.10.x\CoralFans\src\coral_fans\commands\Log.cpp", "C++", 0, 0, 0, 0, 132, 0, 5, 10, 147
"f:\Project\levilamina\26.10.x\CoralFans\src\coral_fans\commands\Noclip.cpp", "C++", 0, 0, 0, 0, 54, 0, 0, 7, 61
"f:\Project\levilamina\26.10.x\CoralFans\src\coral_fans\commands\Prof.cpp", "C++", 0, 0, 0, 0, 35, 0, 1, 9, 45
"f:\Project\levilamina\26.10.x\CoralFans\src\coral_fans\commands\Rotate.cpp", "C++", 0, 0, 0, 0, 23, 0, 1, 8, 32
"f:\Project\levilamina\26.10.x\CoralFans\src\coral_fans\commands\Self.cpp", "C++", 0, 0, 0, 0, 139, 0, 9, 12, 160
"f:\Project\levilamina\26.10.x\CoralFans\src\coral_fans\commands\Slime.cpp", "C++", 0, 0, 0, 0, 34, 0, 3, 8, 45
"f:\Project\levilamina\26.10.x\CoralFans\src\coral_fans\commands\Tick.cpp", "C++", 0, 0, 0, 0, 97, 0, 7, 12, 116
"f:\Project\levilamina\26.10.x\CoralFans\src\coral_fans\commands\Village.cpp", "C++", 0, 0, 0, 0, 136, 0, 7, 14, 157
"f:\Project\levilamina\26.10.x\CoralFans\src\coral_fans\commands\minerule.cpp", "C++", 0, 0, 0, 0, 184, 0, 9, 28, 221
"f:\Project\levilamina\26.10.x\CoralFans\src\coral_fans\functions\calculate\Calculate.cpp", "C++", 0, 0, 0, 0, 137, 0, 0, 5, 142
"f:\Project\levilamina\26.10.x\CoralFans\src\coral_fans\functions\calculate\Calculate.h", "C++", 0, 0, 0, 0, 6, 0, 0, 3, 9
"f:\Project\levilamina\26.10.x\CoralFans\src\coral_fans\functions\data\Data.cpp", "C++", 0, 0, 0, 0, 181, 0, 37, 11, 229
"f:\Project\levilamina\26.10.x\CoralFans\src\coral_fans\functions\data\Data.h", "C++", 0, 0, 0, 0, 13, 0, 0, 5, 18
"f:\Project\levilamina\26.10.x\CoralFans\src\coral_fans\functions\freeCamera\FreeCamera.cpp", "C++", 0, 0, 0, 0, 150, 0, 50, 21, 221
"f:\Project\levilamina\26.10.x\CoralFans\src\coral_fans\functions\freeCamera\FreeCamera.h", "C++", 0, 0, 0, 0, 16, 0, 1, 2, 19
"f:\Project\levilamina\26.10.x\CoralFans\src\coral_fans\functions\func\AutoItem.cpp", "C++", 0, 0, 0, 0, 257, 0, 0, 9, 266
"f:\Project\levilamina\26.10.x\CoralFans\src\coral_fans\functions\func\AutoTool.cpp", "C++", 0, 0, 0, 0, 123, 0, 1, 14, 138
"f:\Project\levilamina\26.10.x\CoralFans\src\coral_fans\functions\func\AutoTotem.cpp", "C++", 0, 0, 0, 0, 50, 0, 0, 7, 57
"f:\Project\levilamina\26.10.x\CoralFans\src\coral_fans\functions\func\ContainerReader.cpp", "C++", 0, 0, 0, 0, 65, 0, 2, 11, 78
"f:\Project\levilamina\26.10.x\CoralFans\src\coral_fans\functions\func\Droppernocost.cpp", "C++", 0, 0, 0, 0, 76, 0, 1, 7, 84
"f:\Project\levilamina\26.10.x\CoralFans\src\coral_fans\functions\func\FastDrop.cpp", "C++", 0, 0, 0, 0, 32, 0, 1, 4, 37
"f:\Project\levilamina\26.10.x\CoralFans\src\coral_fans\functions\func\ForceOpen.cpp", "C++", 0, 0, 0, 0, 8, 0, 1, 3, 12
"f:\Project\levilamina\26.10.x\CoralFans\src\coral_fans\functions\func\ForcePlace.cpp", "C++", 0, 0, 0, 0, 49, 0, 1, 4, 54
"f:\Project\levilamina\26.10.x\CoralFans\src\coral_fans\functions\func\FuncManager.h", "C++", 0, 0, 0, 0, 82, 0, 1, 14, 97
"f:\Project\levilamina\26.10.x\CoralFans\src\coral_fans\functions\func\HopperCounter.cpp", "C++", 0, 0, 0, 0, 162, 0, 7, 14, 183
"f:\Project\levilamina\26.10.x\CoralFans\src\coral_fans\functions\func\NoPickUp.cpp", "C++", 0, 0, 0, 0, 23, 0, 1, 5, 29
"f:\Project\levilamina\26.10.x\CoralFans\src\coral_fans\functions\func\PortalDisabled.cpp", "C++", 0, 0, 0, 0, 20, 0, 0, 5, 25
"f:\Project\levilamina\26.10.x\CoralFans\src\coral_fans\functions\func\SafeExplode.cpp", "C++", 0, 0, 0, 0, 8, 0, 1, 2, 11
"f:\Project\levilamina\26.10.x\CoralFans\src\coral_fans\functions\hsa\Hsa.cpp", "C++", 0, 0, 0, 0, 234, 0, 0, 17, 251
"f:\Project\levilamina\26.10.x\CoralFans\src\coral_fans\functions\hsa\Hsa.h", "C++", 0, 0, 0, 0, 59, 0, 0, 13, 72
"f:\Project\levilamina\26.10.x\CoralFans\src\coral_fans\functions\hud\Hud.cpp", "C++", 0, 0, 0, 0, 162, 0, 0, 7, 169
"f:\Project\levilamina\26.10.x\CoralFans\src\coral_fans\functions\hud\Hud.h", "C++", 0, 0, 0, 0, 19, 0, 0, 6, 25
"f:\Project\levilamina\26.10.x\CoralFans\src\coral_fans\functions\locate\Duplicatable.cpp", "C++", 0, 0, 0, 0, 1607, 0, 41, 51, 1699
"f:\Project\levilamina\26.10.x\CoralFans\src\coral_fans\functions\locate\DuplicatableManager.h", "C++", 0, 0, 0, 0, 158, 0, 1, 23, 182
"f:\Project\levilamina\26.10.x\CoralFans\src\coral_fans\functions\minerule\MineruleManager.h", "C++", 0, 0, 0, 0, 79, 0, 0, 19, 98
"f:\Project\levilamina\26.10.x\CoralFans\src\coral_fans\functions\minerule\PopulationCapHook.cpp", "C++", 0, 0, 0, 0, 170, 0, 4, 32, 206
"f:\Project\levilamina\26.10.x\CoralFans\src\coral_fans\functions\minerule\PortalSandFarm.cpp", "C++", 0, 0, 0, 0, 21, 0, 0, 4, 25
"f:\Project\levilamina\26.10.x\CoralFans\src\coral_fans\functions\minerule\RemovePortalZombieCD.cpp", "C++", 0, 0, 0, 0, 53, 0, 2, 3, 58
"f:\Project\levilamina\26.10.x\CoralFans\src\coral_fans\functions\minerule\RestoreAncillaryBroken.cpp", "C++", 0, 0, 0, 0, 105, 0, 0, 6, 111
"f:\Project\levilamina\26.10.x\CoralFans\src\coral_fans\functions\minerule\drophook.cpp", "C++", 0, 0, 0, 0, 93, 0, 0, 6, 99
"f:\Project\levilamina\26.10.x\CoralFans\src\coral_fans\functions\noclip\Noclip.cpp", "C++", 0, 0, 0, 0, 39, 0, 0, 5, 44
"f:\Project\levilamina\26.10.x\CoralFans\src\coral_fans\functions\noclip\Noclip.h", "C++", 0, 0, 0, 0, 3, 0, 0, 0, 3
"f:\Project\levilamina\26.10.x\CoralFans\src\coral_fans\functions\prof\Prof.cpp", "C++", 0, 0, 0, 0, 236, 0, 7, 19, 262
"f:\Project\levilamina\26.10.x\CoralFans\src\coral_fans\functions\prof\Prof.h", "C++", 0, 0, 0, 0, 88, 0, 17, 17, 122
"f:\Project\levilamina\26.10.x\CoralFans\src\coral_fans\functions\prof\TickHooks.cpp", "C++", 0, 0, 0, 0, 254, 0, 21, 19, 294
"f:\Project\levilamina\26.10.x\CoralFans\src\coral_fans\functions\rotate\Rotate.cpp", "C++", 0, 0, 0, 0, 659, 0, 0, 23, 682
"f:\Project\levilamina\26.10.x\CoralFans\src\coral_fans\functions\rotate\Rotate.h", "C++", 0, 0, 0, 0, 6, 0, 0, 4, 10
"f:\Project\levilamina\26.10.x\CoralFans\src\coral_fans\functions\shortcuts\Shortcuts.cpp", "C++", 0, 0, 0, 0, 257, 0, 4, 13, 274
"f:\Project\levilamina\26.10.x\CoralFans\src\coral_fans\functions\shortcuts\Shortcuts.h", "C++", 0, 0, 0, 0, 66, 0, 4, 12, 82
"f:\Project\levilamina\26.10.x\CoralFans\src\coral_fans\functions\slime\Slime.cpp", "C++", 0, 0, 0, 0, 88, 0, 0, 9, 97
"f:\Project\levilamina\26.10.x\CoralFans\src\coral_fans\functions\slime\Slime.h", "C++", 0, 0, 0, 0, 28, 0, 0, 12, 40
"f:\Project\levilamina\26.10.x\CoralFans\src\coral_fans\functions\village\Village.cpp", "C++", 0, 0, 0, 0, 514, 0, 1, 40, 555
"f:\Project\levilamina\26.10.x\CoralFans\src\coral_fans\functions\village\Village.h", "C++", 0, 0, 0, 0, 75, 0, 6, 14, 95
"f:\Project\levilamina\26.10.x\CoralFans\src\lang\en_US.json", "JSON", 0, 391, 0, 0, 0, 0, 0, 0, 391
"f:\Project\levilamina\26.10.x\CoralFans\src\lang\zh_CN.json", "JSON", 0, 402, 0, 0, 0, 0, 0, 0, 402
"f:\Project\levilamina\26.10.x\CoralFans\tooth.json", "JSON", 0, 27, 0, 0, 0, 0, 0, 0, 27
"f:\Project\levilamina\26.10.x\CoralFans\xmake.lua", "XMake", 71, 0, 0, 0, 0, 0, 4, 11, 86
"Total", "-", 71, 832, 105, 168, 8800, 172, 350, 1021, 11519